[
  {
    "id": "1",
    "text": "Ionfilter",
    "category": "competencia",
    "results": 0,
    "addedDate": "2024-12-29T00:00:00.000Z"
  },
  {
    "id": "2",
    "text": "osmosis inversa",
    "category": "producto",
    "results": 0,
    "addedDate": "2024-12-29T00:00:00.000Z"
  },
  {
    "id": "3",
    "text": "purificador agua",
    "category": "producto",
    "results": 0,
    "addedDate": "2024-12-29T00:00:00.000Z"
  },
  {
    "id": "4",
    "text": "tratamiento de agua",
    "category": "general",
    "results": 0,
    "addedDate": "2024-12-29T00:00:00.000Z"
  },
  {
    "id": "5",
    "text": "hidrosalud",
    "category": "competencia",
    "results": 0,
    "addedDate": "2024-12-29T00:00:00.000Z"
  },
  {
    "id": "6",
    "text": "fc-1300",
    "category": "producto",
    "results": 0,
    "addedDate": "2024-12-29T00:00:00.000Z"
  },
  {
    "id": "7",
    "text": "agua osmotizada",
    "category": "producto",
    "results": 0,
    "addedDate": "2024-12-29T00:00:00.000Z"
  },
  {
    "id": "8",
    "text": "fuentes de agua",
    "category": "producto",
    "results": 0,
    "addedDate": "2024-12-29T00:00:00.000Z"
  },
  {
    "id": "9",
    "text": "dispensadores",
    "category": "producto",
    "results": 0,
    "addedDate": "2024-12-29T00:00:00.000Z"
  },
  {
    "id": "10",
    "text": "dispensadores de agua",
    "category": "producto",
    "results": 0,
    "addedDate": "2024-12-29T00:00:00.000Z"
  }
]
